<application>
  <component name="ProjectManager">
    <defaultProject>
      <component name="DefaultGradleProjectSettings">
        <option name="testRunner" value="GRADLE" />
        <option name="delegatedBuild" value="true" />
      </component>
      <component name="GradleLocalSettings">
        <option name="projectSyncType">
          <map>
            <entry key="$USER_HOME$/workspace/book/book-batch" value="PREVIEW" />
            <entry key="$USER_HOME$/workspace/book/book-batch-uploadimage" value="PREVIEW" />
            <entry key="$USER_HOME$/workspace/book/book-service" value="PREVIEW" />
            <entry key="$USER_HOME$/workspace/junit5-samples" value="PREVIEW" />
            <entry key="$USER_HOME$/workspace/language-da" value="PREVIEW" />
            <entry key="$USER_HOME$/workspace/translate/translate-service" value="PREVIEW" />
          </map>
        </option>
      </component>
      <component name="PropertiesComponent">
        <property name="nodejs_interpreter_path.stuck_in_default_project" value="undefined stuck path" />
        <property name="nodejs_npm_path_reset_for_default_project" value="true" />
        <property name="settings.editor.selected.configurable" value="reference.projectsettings.compiler.javacompiler" />
      </component>
      <component name="RunDashboard">
        <option name="ruleStates">
          <list>
            <RuleState>
              <option name="name" value="ConfigurationTypeDashboardGroupingRule" />
            </RuleState>
            <RuleState>
              <option name="name" value="StatusDashboardGroupingRule" />
            </RuleState>
          </list>
        </option>
      </component>
      <component name="RunManager">
        <configuration default="true" type="Application" factoryName="Application">
          <option name="WORKING_DIRECTORY" value="$PROJECT_DIR$" />
          <method v="2">
            <option name="Make" enabled="true" />
          </method>
        </configuration>
        <configuration default="true" type="JUnit" factoryName="JUnit">
          <option name="TEST_OBJECT" value="class" />
          <option name="WORKING_DIRECTORY" value="%MODULE_WORKING_DIR%" />
          <method v="2">
            <option name="Make" enabled="true" />
          </method>
        </configuration>
        <configuration default="true" type="TestNG">
          <option name="TEST_OBJECT" value="CLASS" />
          <option name="WORKING_DIRECTORY" value="%MODULE_WORKING_DIR%" />
          <properties />
          <listeners />
          <method v="2">
            <option name="Make" enabled="true" />
          </method>
        </configuration>
      </component>
      <component name="masterDetails">
        <states>
          <state key="ProjectJDKs.UI">
            <settings>
              <last-edited>1.8</last-edited>
              <splitter-proportions>
                <option name="proportions">
                  <list>
                    <option value="0.2" />
                  </list>
                </option>
              </splitter-proportions>
            </settings>
          </state>
        </states>
      </component>
    </defaultProject>
  </component>
</application>