<application>
  <component name="FileTypeManager" version="17">
    <extensionMap>
      <mapping ext="webp" type="Image" />
      <mapping ext="main.kts" type="Kotlin" />
      <mapping pattern="word" type="Native" />
      <mapping ext="sketch" type="Native" />
      <mapping ext="db" type="SQL" />
      <mapping pattern="bg_rounded_card" type="XML" />
      <mapping pattern="bg_bottom_nav" type="XML" />
      <removed_mapping ext="db" approved="true" type="Android Room SQL" />
    </extensionMap>
  </component>
</application>