<keymap version="1" name="Mac OS X 10.5+ copy" parent="Mac OS X 10.5+">
  <action id="NextSplitter">
    <keyboard-shortcut first-keystroke="ctrl w" second-keystroke="right" />
  </action>
  <action id="PrevSplitter">
    <keyboard-shortcut first-keystroke="ctrl w" second-keystroke="left" />
  </action>
  <action id="SplitHorizontally">
    <keyboard-shortcut first-keystroke="ctrl w" second-keystroke="n" />
  </action>
  <action id="SplitVertically">
    <keyboard-shortcut first-keystroke="ctrl w" second-keystroke="v" />
  </action>
</keymap>